query,database_type,execution_time_ms,cpu_usage_percent,memory_usage_mb,memory_usage_percent,disk_read_mb,disk_write_mb,network_in_mb,network_out_mb,result_rows,result_size_mb
SELECT COUNT(*) FROM data;,MySQLHandler,19.94609832763672,0.9027148194271482,660.38671875,32.245445251464844,0.0,0.0,0.0014753341674804688,0.0016880035400390625,1,0.000133514404296875
SELECT * FROM data LIMIT 10;,MySQLHandler,15.139102935791016,1.2531008717310088,663.41015625,32.39307403564453,0.0,0.0,0.0014772415161132812,0.0021915435791015625,10,0.0009555816650390625
"SELECT AVG(""SepalWidth"") FROM data GROUP BY ""Species"";",MySQLHandler,15.073060989379883,1.6132503113325032,664.078125,32.425689697265625,0.0,0.0,0.0015020370483398438,0.0016946792602539062,1,0.000133514404296875
"SELECT ""Species"", COUNT(*) FROM data GROUP BY ""Species"" ORDER BY COUNT(*) DESC;",MySQLHandler,16.663074493408203,0.7328198757763975,664.46875,32.44476318359375,0.0,0.0,0.00152587890625,0.0017271041870117188,1,0.000186920166015625
"SELECT * FROM data WHERE ""SepalLength"" > 5.0 ORDER BY ""PetalLength"" DESC LIMIT 20;",MySQLHandler,22.99022674560547,0.9435439900867411,383.83203125,18.741798400878906,0.0,0.0,0.0015287399291992188,0.0019397735595703125,0,0.000125885009765625
SELECT COUNT(*) FROM data;,DuckDBHandler,3.6149024963378906,0.009900990099009901,99.87109375,9.753036499023438,0.0,0.0,0.0,0.0,1,0.000133514404296875
SELECT * FROM data LIMIT 10;,DuckDBHandler,7.46917724609375,0.010945273631840797,99.69921875,9.736251831054688,0.0,0.0,0.0,0.0,10,0.0009555816650390625
SELECT COUNT(*) FROM data;,ClickHouseHandler,28.177976608276367,3.0503,189.74609375,4.632472991943359,0.0,0.0,0.0025625228881835938,0.004416465759277344,1,0.000133514404296875
SELECT * FROM data LIMIT 10;,ClickHouseHandler,27.781009674072266,28.95599499374218,218.31640625,5.329990386962891,0.0,0.0,0.0023126602172851562,0.004731178283691406,10,0.002628326416015625
